,hash,filter,last_change_date
https://apple.com,1ec1ea5fa8cd4e378f03dcce8b61667c19bef3343a4160ab122af04fbc7a9f6f,page-home ac-nav-overlap,2020-10-01
http://cityportal.palinformatica.it:82/cpsirmione/publicArea/FileSystemExplorer.jsf?baseDirId=3&directory=BandiDiConcorso/Anno2020,b4dbb317e54345b887f1943b3b3142e82afbd24367af77c69eee4b8bd883333f,ui-treetable-data ui-widget-content,2020-09-28
https://www.provincia.brescia.it/istituzionale/concorsi,714120cf1abda6bac178b4e23c9c2fbacc93b87c5b9b560d90af4e9904dc3be4,col-sm-9,2020-05-21
http://www.ags.vr.it/lavora-con-noi.asp,3c61f77a0542fa42bc8e85786bc5c9f144482feac3ab23240e6cb1915367156e,txtb11,2020-09-28
http://www.comunepeschieradelgarda.com/index.php/categoria-ammtrasp/36-bandi-di-concorso-2,be6aa47d7da5460cde3c7416b1d2e916fb06673cc964f54867e944b316103d6e,article-body,2020-04-11
http://www.acqueveronesi.it/pagina.asp?IdPagina=36,25496fc769d4a63f86bc09e11f39a49f9b56e96df7387d7dc5ccd20999d7840d,teammember list clearfix,2020-09-28
https://www.sil.provincia.tn.it/welcomepage/vacancy/cerca?query=ingegnere,451da7610fd7b07827e03fbf96b726d6d44d36d1f18388727f436d5eda07fd1d,col-md-9,2020-04-11
http://www.alpiorientali.it/trasparenza-valutazione-e-merito/05-bandi-di-concorso.html,2723b85cdf0dbbfdf38f4a75a5659eb513397b5aa34f4cbcd29ded7e9bbf745a,maincontent,2020-09-28
https://www.ingena.info/it/Offerte-di-lavoro/Home/job,0e7d3e757b92e6186f6a9892b5c3a4eb64ac6f83803192e7859738582c36c20f,sitetxt,2020-04-12
https://www.agsm.it/Contatti/-Posizioni-aperte-Ricerca-personale,0b7d2997db7c5f4cb6b144f0c275bcdca50dd125c26cf36b7c80a211a1b8c4f5,main,2020-09-28
http://www.eurac.edu/en/aboutus/jobs/Pages/default.aspx,8eabe12e694c52e50d7af6fe8b6b7b2b840f31a3bc4998e757687cc61aa03546,EMaincontent,2020-09-29
http://www.swsglobal.com/careers/,814f286f3746fc6a2096088fba8cfa063ad3f49ecb74f76505c93464bbc94c9c,sws-careers,2020-09-28
https://www.zulberti.eu/lavora-con-noi/,9d53819feb2d0e756465e1839dc25b25c9403bea5a20c3d537694956ea5dcb37,x-content-band-1,2020-09-28
https://careers.hotjar.com/,5ca2fdceee94297cc17f097219db671dab3b3f8232e5e5f86ea4df723c50f93a,section-4048,2020-10-01
https://www.unitn.it/ateneo/bandi/borse-premi/nuovi?s=2398,9de4444cef03137cc1f175de46d927000837a8f14c7218da5bbcd1e1945dbce0,views-table cols-2,2020-09-29
https://www.unitn.it/ateneo/bandi/assegni-ricerca/nuovi?s=2398,13d9e94c2dad94dc7e5a8eed53ff4f641890f6e37aa06a0c9a13668be8451393,views-table cols-2,2020-09-29
http://www.concorsi.provincia.tn.it/concorsi_indeterminato/-Nuovi/,e43260e676d310cf241bd92958b064e75db841d5a7bd060687e6eeb1609fb7d5,testo testo_contenuto,2020-09-29
http://www.concorsi.provincia.tn.it/concorsi_indeterminato/-in_atto/,3145c12cce4287547aef4326ff3de0bb86ddeed42f33357c17c8903fcc65ddd8,testo testo_contenuto,2020-09-29
http://www.concorsi.provincia.tn.it/concorsi_indeterminato/-in_atto/pagina349.html,e5f9995e9a23ea69a3933937e76a57666e0d5db4ae24b07c129e2d4de599ee5d,,2020-10-01
http://www.concorsi.provincia.tn.it/selezioni/-nuovi/,f64743090b800d1b9b6a41ba6a3eba9e8f1e2f49c5579e00134479615cde9f1a,testo testo_contenuto,2020-10-01
http://www.concorsi.provincia.tn.it/selezioni/-categoria2/,04d8b383a4076a0399237cdf8402ae2bcd40f497114b75cd46951b9887d25edf,testo testo_contenuto,2020-10-01
https://canonical.com/careers/all,e3c6c1ef03b768cf1e5f01470eaa08eb3c414d187637b4c46ac0bc765dce9ba2,js-filter-jobs-container,2020-10-01
https://five-rivers.com/careers/,9360a9d48807bd3aa0e0a5b4e0654a834b44b177a43185dd1bd85c19615e2151,inner-content,2020-09-29
https://research.google/careers/ai-residency/,1ababf9810390353f2823cb0c7f96b931740cd99f792f223705fdcc6efdceb25,copy__wrapper,2020-09-29
https://www.idrica.com/es/trabaja-con-nosotros/ofertas-activas/,ae101b9b94c063470345e86304eec4d7e598f6e45198456baf4f1344c3e752fd,elementor-element elementor-element-77ddda7 elementor-column elementor-col-100 elementor-top-column,2020-09-29
https://www.lta.it/bandi-di-selezione-pubblica-in-corso-con-termine-di-presentazione-non-scaduto,405159246a09dbc21841968e84a54a9b170a3b1f3afc08ac3710b65ec8c4054d,main,2020-09-29
https://unitrentosport.unitn.it/corsi,ad603a2c764476a45c21934e9d3aaa249701597001dacc33750e4462b67c9a63,,2020-10-01
https://www.getcruise.com/careers/jobs/,499e5f5a6833473489db288b034a20316e7f8bc2b43b0d9dafcdb745f90a072a,___gatsby,2020-10-01
https://jobs.lever.co/zoox,9c0716a7136682e1fcc2c347a5d3d9d1bcc65e5edec864f202cb77ecd6bdea46,section page-centered,2020-10-01
https://aimotive.com/career/open-positions/,38bfc0ec2fa859fa802364e6cf806ab795521d2fc9dcfbfd645ab5e410004f32,japanJobs,2020-09-29
https://www.helm.ai/careers/,cf7853607589c91037f566e7bcdfc30c146ac7d61f0440ffc24b7f369008ef7f,section,2020-09-29
https://wayve.ai/careers/,2c67124f0abe32601dd706ebdbdb39d75c6f7f0972573e80a5ad9fcce2dab6dc,openings,2020-09-29
https://fairafric.com/shop,bb0f73e51daa51e3850c7524b33967f1f978e14825c714e5adea7353a1d6efeb,products columns-5,2020-10-01
